id,province_id,INQUIRE_NO,INQUIRE_ID,HH_CATS,latitude,longitude,FCS,CSI,HFIAS,HOH_GENDER,HH_SIZE,HOH_AGE,HOH_EDU,DEPEND_RATIO,GROUPS_MEMBER,WELFARE_TOTAL,WORKFORCE_TOTAL,EXPENSE_MONTHLY,DEBT_TOTAL,INCOME_MONTHLY,ASSETS_LAND,ASSETS_TOTAL,WATER_CROP,CHEM_TOTAL,DISASTER_OCC,FOODSRC_NATURAL,WATER_CONSUME,SANITATION_TYPE,COVID_AFFECTS,FOODSRC_BUY,FOODSAF_RATIO,FOODSAF_PERCENTAGE,SELF_COOK_DAYS,COOK_DONE_DAY,FOOD_STOCKS,FOODSRC_DIST,fcs_score
12,52,52-360,360,0,18.369886,099.372302,2,7,1,2,7,47,7,1,5,4,3,16900,300000,33000,1,9,0,1,1,1,2,3,5,1,0.2500,25.0000,3,7,2,4.00,63
13,52,52-361,361,0,18.373635,099.362804,2,49,3,2,3,67,3,1,3,2,2,24700,350000,9833,1,0,1,2,1,0,4,2,4,1,0.5000,50.0000,7,7,1,5.00,84
14,52,52-362,362,0,18.405169,099.364013,2,5,1,1,4,77,3,1,3,3,2,6600,120000,8800,1,8,1,0,1,3,1,5,4,2,0.5000,50.0000,0,7,2,0.50,106
15,52,52-363,363,0,18.406572,099.363299,2,69,3,1,6,63,3,1,3,4,2,16000,300000,16000,2,7,0,3,3,2,1,5,5,2,0.2083,20.8333,1,7,2,1.00,51
16,52,52-393,393,0,18.765716,099.504939,2,2,1,2,4,49,7,1,0,3,3,7000,0,10000,1,8,1,0,1,0,0,2,0,1,0.7083,70.8333,4,7,2,1.00,76
17,52,52-394,394,0,18.758071,099.501311,2,2,1,2,4,57,5,1,2,2,2,41300,50000,75000,1,7,1,0,1,3,0,2,1,1,0.8333,83.3333,7,7,2,1.00,85
18,52,52-395,395,0,18.756116,099.498045,2,2,2,2,4,60,1,1,2,2,3,10000,50000,30000,1,10,0,0,1,2,0,2,1,1,0.8750,87.5000,0,7,2,0.50,91
20,52,52-081,81,0,18.279947,099.468233,2,18,1,2,1,67,3,1,1,2,0,1300,0,800,1,9,1,0,1,0,0,3,0,1,0.5833,58.3333,2,5,1,1.00,76
21,52,52-082,82,0,18.279189,099.464232,2,17,2,2,2,50,4,0,3,2,2,12800,200000,1300,1,10,1,0,1,0,0,3,1,1,0.5833,58.3333,2,5,0,1.00,73
22,52,52-083,83,0,18.271994,099.466102,2,11,1,2,2,70,3,1,3,3,1,7200,0,13600,1,9,1,0,1,0,0,3,1,1,0.5417,54.1667,0,5,2,1.00,69
23,52,52-084,84,0,18.271994,099.466399,2,9,1,2,2,65,5,1,2,2,1,12600,0,4250,1,8,1,0,1,0,0,3,2,1,0.6250,62.5000,5,7,2,1.00,75
24,90,90-471,471,1,06.954199,100.564666,2,0,1,1,3,62,9,1,1,2,2,104700,6000000,165000,2,7,1,1,1,0,2,2,3,3,0.7500,75.0000,7,7,2,1.00,87
25,83,83-001,1,1,08.004995,098.356142,2,0,1,2,5,53,7,1,0,2,3,21500,0,16250,1,7,1,2,1,0,1,3,2,1,0.3333,33.3333,7,7,2,2.00,96
26,62,62-001,1,0,16.588871,099.448384,2,0,3,2,3,68,7,1,0,2,1,18200,2000000,51833,2,8,1,0,1,0,1,2,0,1,0.4583,45.8333,0,7,2,5.00,76
27,52,52-085,85,0,18.280009,099.463764,2,9,1,2,1,82,3,1,1,1,0,2250,0,800,1,10,1,1,1,0,0,3,1,1,0.6250,62.5000,3,7,2,1.00,91
28,62,62-002,2,0,16.589258,099.448499,2,4,3,1,5,50,4,1,3,3,4,44500,700000,46333,1,8,0,0,1,1,1,2,2,1,0.4583,45.8333,0,7,2,5.00,85
29,62,62-003,3,0,16.588781,099.449245,2,11,3,2,2,58,3,1,2,3,1,10900,400000,11000,2,6,1,3,4,2,0,2,2,6,0.5417,54.1667,7,7,1,0.00,51
30,52,52-086,86,0,18.282545,099.460843,2,17,1,1,4,73,3,1,1,1,2,9700,0,15600,1,9,1,1,1,0,0,3,0,1,0.6667,66.6667,3,5,1,2.00,74
31,62,62-004,4,0,16.663624,099.318616,2,9,3,2,4,49,6,1,2,4,2,23700,200000,34167,2,7,1,1,3,0,2,4,4,1,0.3750,37.5000,0,7,1,5.00,60
32,52,52-087,87,0,18.277332,099.467219,2,11,2,2,2,73,3,1,1,2,1,2950,0,950,1,9,0,0,1,0,0,3,1,1,0.6667,66.6667,0,7,2,1.50,81
33,62,62-005,5,0,16.651178,099.324015,2,8,2,1,2,62,5,1,5,3,1,10800,50000,8333,1,8,1,0,1,1,2,4,2,1,0.3750,37.5000,5,5,1,5.00,56
34,62,62-006,6,0,16.648062,099.325346,2,14,2,2,1,63,1,1,1,3,0,2300,50000,3000,1,0,0,0,1,1,1,2,3,8,0.3333,33.3333,7,7,3,-1.00,42
35,62,62-007,7,0,16.648336,099.325448,2,6,3,2,3,89,1,1,2,4,1,5000,0,16667,2,8,1,0,1,2,1,4,1,1,0.2917,29.1667,5,7,2,5.00,54
36,52,52-088,88,0,18.280107,099.464039,2,16,1,1,2,61,3,1,1,2,1,4350,0,717,1,9,0,0,1,0,0,3,1,1,0.6250,62.5000,0,7,2,1.00,72
37,62,62-008,8,0,16.650384,099.323350,2,11,1,2,2,59,3,1,0,4,1,5700,200000,13333,1,8,1,0,2,1,1,4,0,1,0.4167,41.6667,5,7,2,8.00,51
38,52,52-089,89,0,18.242409,099.443851,2,11,1,1,2,75,3,1,2,1,1,7460,15000,8700,1,9,0,0,1,0,1,3,0,1,0.5833,58.3333,0,5,2,0.50,74
39,62,62-009,9,0,16.648408,099.326094,2,6,1,2,6,41,7,1,5,4,5,91000,5000000,50000,2,9,1,0,1,0,1,2,2,1,0.4583,45.8333,0,7,2,5.00,69
40,52,52-090,90,0,18.242523,099.444302,2,9,1,2,1,63,7,1,2,1,0,21101,20000,4167,1,8,0,0,1,0,1,3,2,1,0.5417,54.1667,0,7,2,0.50,77
41,62,62-010,10,0,16.668236,099.314767,2,7,3,2,1,59,3,0,2,2,1,4000,100000,7500,1,0,0,0,1,2,1,2,0,2,0.4583,45.8333,0,7,2,0.50,54
42,62,62-011,11,0,16.660592,099.321787,2,6,1,2,3,87,1,1,2,3,2,5200,0,18967,1,9,1,0,1,1,1,2,4,1,0.5000,50.0000,5,7,2,4.00,55
43,52,52-091,91,0,18.264518,099.460124,2,11,1,2,2,53,3,0,1,1,2,15850,0,4000,1,8,0,0,1,0,0,3,1,1,0.5833,58.3333,0,7,0,2.00,78
44,62,62-012,12,0,16.640821,099.345333,2,1,3,1,3,20,6,0,3,4,3,11900,200000,15833,2,6,1,2,1,1,1,2,0,2,0.4583,45.8333,3,7,2,0.50,54
45,62,62-013,13,0,16.683554,099.282419,2,0,1,2,2,45,5,1,0,3,1,12700,100000,5000,1,8,0,0,1,1,1,2,1,1,0.5833,58.3333,5,7,2,2.00,62
46,62,62-014,14,0,16.641313,099.345004,2,4,1,1,3,41,7,1,1,2,2,15900,100000,18000,1,8,1,0,1,0,0,2,0,2,0.6250,62.5000,0,7,2,0.30,55
47,52,52-092,92,0,18.963543,099.460180,2,15,1,1,5,60,3,1,5,2,3,8699,150000,5350,1,8,0,0,1,0,0,3,1,1,0.6250,62.5000,0,7,2,3.00,78
48,62,62-015,15,0,16.645352,099.339656,2,8,1,2,3,47,7,1,1,3,1,10700,50000,10667,1,9,0,0,1,0,2,2,0,2,0.4583,45.8333,2,5,2,0.30,49
49,52,52-093,93,0,18.263543,099.460180,2,8,1,2,2,72,3,1,1,1,1,8200,20000,958,1,9,0,0,1,0,0,3,0,1,0.6667,66.6667,0,7,1,2.00,78
50,52,52-141,141,0,18.302734,099.701397,2,35,1,2,3,33,6,1,1,1,2,45500,50000,26333,1,8,0,0,1,0,1,2,1,1,0.5000,50.0000,5,5,0,10.00,94
51,52,52-142,142,0,18.279251,099.640274,2,29,2,2,5,35,4,1,0,0,3,18000,3000,16667,1,0,0,0,1,3,1,2,5,1,0.2500,25.0000,2,7,2,2.00,90
52,52,52-346,346,0,17.876596,099.298226,2,1,1,1,5,33,6,1,0,3,2,6700,0,32300,1,7,1,1,1,1,0,2,0,2,0.6250,62.5000,5,7,2,0.50,84
53,52,52-143,143,0,18.273803,099.667402,2,5,1,2,3,25,6,1,0,0,2,119000,0,25000,1,9,1,1,1,0,1,4,5,1,0.6667,66.6667,0,6,2,2.00,82
54,52,52-094,94,0,18.277188,099.469597,2,11,1,1,3,66,7,1,2,2,2,7000,0,26300,1,8,0,0,1,0,0,3,1,1,0.7083,70.8333,0,7,1,1.00,77
55,52,52-347,347,0,17.864571,099.298193,2,0,1,2,5,30,6,1,1,2,2,17500,50000,26400,1,6,1,1,1,3,0,2,0,6,0.4583,45.8333,3,7,2,0.10,79
56,52,52-095,95,0,18.278056,099.472279,2,8,1,2,1,68,7,1,1,1,0,19000,0,20000,1,8,0,0,1,0,0,3,0,1,0.6250,62.5000,0,7,2,1.00,80
57,52,52-371,371,0,18.264665,099.267094,2,2,1,1,4,56,3,1,4,4,3,24000,150000,10000,0,0,1,0,1,0,1,3,3,1,0.2083,20.8333,0,7,2,3.00,81
58,52,52-358,358,0,18.408775,099.365437,2,35,3,1,5,60,3,1,3,2,3,29000,80000,7500,2,7,1,0,2,2,0,5,1,2,0.3333,33.3333,0,7,2,1.00,62
59,52,52-166,166,0,18.111503,099.353208,2,2,2,2,5,67,3,1,2,7,2,30300,870000,27400,1,7,0,0,1,0,2,4,4,1,0.0417,4.1667,1,7,2,1.00,83
60,52,52-359,359,0,18.400540,099.370016,2,66,3,1,7,82,3,1,2,4,2,81000,100000,10833,2,6,1,1,1,3,1,3,3,2,0.4583,45.8333,7,7,2,1.00,86
61,52,52-364,364,0,18.394336,099.351898,2,30,3,1,4,44,3,0,5,2,4,76000,50000,18333,1,8,1,2,2,1,2,3,5,1,0.6250,62.5000,0,7,1,0.50,93
62,62,62-016,16,0,16.543746,099.429416,2,11,1,2,2,28,1,1,1,1,1,10600,20000,10000,1,7,1,3,1,0,1,4,1,1,0.7917,79.1667,0,7,1,4.00,84
63,62,62-017,17,0,16.518738,099.407524,2,66,2,2,2,48,3,0,0,2,2,6200,0,4167,1,0,1,1,1,2,0,2,1,1,0.2083,20.8333,5,7,2,1.00,63
64,62,62-018,18,0,16.518556,099.407566,2,7,4,2,3,58,3,1,0,2,2,14800,60000,7500,1,0,1,0,3,2,1,4,0,1,0.4167,41.6667,4,6,2,1.00,76
65,62,62-019,19,0,16.512361,099.414815,2,4,1,2,2,58,1,0,1,0,2,4500,100000,22500,1,0,0,0,1,0,1,3,0,1,0.9167,91.6667,1,7,2,4.00,103
66,62,62-020,20,0,16.518598,099.407088,2,10,4,2,8,56,3,1,1,3,5,12000,450000,24583,1,6,1,2,1,2,0,2,2,1,0.5000,50.0000,4,7,2,1.00,77
67,52,52-144,144,0,18.274293,099.659722,2,0,1,2,4,35,7,1,1,3,2,22000,0,70000,1,8,0,0,1,0,1,2,2,5,0.7917,79.1667,1,7,2,1.00,82
68,62,62-031,31,0,16.521161,099.473350,2,21,3,2,4,35,1,1,0,1,2,10200,200000,8333,1,0,0,0,1,0,1,6,4,2,0.7083,70.8333,0,7,2,1.00,69
69,62,62-032,32,0,16.519159,099.402866,2,2,2,1,2,69,1,1,1,2,0,5500,0,20000,1,0,0,0,1,0,1,3,3,1,0.8750,87.5000,4,7,2,1.00,90
71,52,52-145,145,0,18.274345,099.665970,2,3,1,2,3,26,6,1,0,1,2,30500,100000,21600,1,8,0,0,1,0,1,3,0,1,0.7917,79.1667,5,7,1,1.00,92
72,62,62-033,33,0,16.512433,099.420266,2,4,1,2,2,45,1,0,1,0,2,12900,220000,13333,1,0,1,3,1,0,1,3,1,1,0.8750,87.5000,4,7,0,5.00,96
73,52,52-146,146,0,18.276377,099.659454,2,7,1,2,3,36,7,1,1,1,2,29000,2000000,60000,1,8,0,0,1,0,2,3,0,1,0.8750,87.5000,0,7,2,1.00,75
74,62,62-021,21,0,16.518963,099.402486,2,4,1,2,1,66,1,1,1,1,0,3000,0,8333,1,9,0,0,1,0,1,3,2,1,0.8750,87.5000,3,7,0,1.00,99
75,52,52-147,147,0,18.268920,099.689230,2,3,2,2,4,30,5,1,0,2,2,22000,500000,12500,1,0,0,0,3,2,1,2,4,1,0.7083,70.8333,0,7,2,3.00,87
76,52,52-365,365,0,18.387867,099.348695,2,9,3,2,3,69,3,1,3,4,1,9000,0,9033,1,7,0,1,3,1,0,5,4,1,0.4583,45.8333,2,6,2,0.50,105
77,52,52-348,348,0,17.884301,099.311282,2,2,3,2,5,59,3,1,1,3,2,10500,150000,9750,1,0,1,1,1,2,0,2,2,2,0.6250,62.5000,2,7,2,0.50,83
78,52,52-366,366,0,18.388214,993.496916,2,22,2,2,2,51,4,1,2,2,1,8700,50000,6667,1,8,0,2,2,2,0,2,2,1,0.1250,12.5000,0,7,2,0.50,90
79,52,52-349,349,0,17.905442,099.329751,2,0,1,2,5,29,5,1,2,2,3,8000,0,6667,1,8,1,1,1,2,1,2,1,2,0.5833,58.3333,3,7,2,200.00,90
80,52,52-148,148,0,18.276690,099.680770,2,0,1,2,3,33,7,1,0,1,2,13000,200000,31000,1,8,0,0,4,3,2,2,2,1,0.4167,41.6667,2,7,2,3.00,86
81,52,52-350,350,0,17.901786,099.328108,2,0,1,2,5,69,3,1,1,2,2,17000,100000,17300,0,0,1,1,1,2,1,2,2,2,0.5417,54.1667,3,7,2,100.00,80
82,52,52-372,372,0,18.263916,099.264666,2,7,3,2,3,54,5,1,3,2,2,39100,500000,26667,1,9,0,0,1,0,1,2,4,1,0.0417,4.1667,0,7,2,3.00,85
83,52,52-373,373,0,18.263945,099.263816,2,3,1,1,3,58,3,0,7,2,3,12500,150000,36000,1,9,0,0,1,2,1,2,2,1,0.6667,66.6667,0,7,2,1.50,81
85,52,52-367,367,0,18.338706,099.345981,2,16,2,1,4,78,3,1,0,5,2,13600,5000,18700,1,9,1,2,3,0,1,3,0,1,0.2083,20.8333,3,7,2,2.00,80
92,52,52-374,374,0,18.295486,099.279911,2,2,1,2,3,46,3,1,5,6,2,23000,60000,10600,1,8,1,2,2,3,1,3,2,1,0.2083,20.8333,5,7,2,500.00,102
101,52,52-351,351,0,17.910077,099.302526,2,2,2,1,5,37,4,1,0,4,1,13100,400000,7600,1,9,1,1,1,2,0,2,2,2,0.4167,41.6667,5,7,2,1.00,80
102,52,52-352,352,0,17.914049,099.294172,2,1,1,2,4,34,5,1,0,2,2,13700,200000,17400,1,0,1,1,1,0,1,2,0,2,0.3750,37.5000,2,7,2,1.50,80
103,62,62-022,22,0,16.520049,099.402283,2,1,2,1,1,66,1,1,2,1,0,3500,50000,8333,1,10,1,3,1,0,1,3,2,1,0.9167,91.6667,4,7,2,1.00,94
105,62,62-023,23,0,16.518950,099.402287,2,7,3,2,4,16,5,1,0,0,3,28900,200000,10000,1,10,1,0,1,2,0,2,0,2,0.7083,70.8333,0,7,2,1.00,96
107,36,36-325,325,1,16.124125,102.091554,2,15,2,2,3,45,1,1,1,3,1,17900,2000,5000,1,8,1,2,1,2,1,2,1,1,0.5417,54.1667,0,7,2,1.00,74
108,62,62-024,24,0,16.519201,099.401978,2,4,2,2,5,90,1,1,1,3,3,6000,0,26000,1,0,0,0,1,0,1,3,5,1,0.8750,87.5000,2,7,2,1.00,106
109,62,62-025,25,0,16.519341,099.407983,2,10,1,2,1,66,1,1,1,1,0,3200,500000,8333,1,9,1,3,1,0,1,3,1,1,0.8750,87.5000,3,7,0,1.00,102
110,36,36-326,326,1,16.124688,102.090758,2,2,2,2,3,43,1,1,0,3,2,38932,0,2500,1,7,0,0,1,1,1,4,0,1,0.6250,62.5000,0,7,2,1.00,80
111,62,62-026,26,0,16.521222,099.408126,2,8,1,2,8,34,5,1,2,4,5,16600,200000,20833,1,6,1,3,1,3,1,4,3,1,0.7917,79.1667,2,7,2,2.00,92
112,62,62-027,27,0,16.519540,099.407823,2,9,2,1,5,35,1,1,2,2,3,28100,40000,10000,2,7,1,3,1,0,1,3,1,1,0.8333,83.3333,3,7,2,1.00,95
113,52,52-149,149,0,18.279490,099.677910,2,28,3,2,2,33,5,1,1,2,1,11300,20000,11000,0,0,1,0,1,3,2,3,7,1,0.3750,37.5000,5,7,2,3.00,72
114,52,52-150,150,0,18.276720,099.681960,2,7,3,2,5,36,4,1,0,2,2,9500,0,6667,1,6,1,0,1,2,0,6,1,1,0.2917,29.1667,0,7,2,3.00,58
115,52,52-151,151,0,18.259520,099.703230,2,0,1,2,5,55,5,1,5,2,2,38500,1000000,27000,1,9,0,0,1,0,1,2,0,1,0.4167,41.6667,0,7,2,8.00,90
118,62,62-030,30,0,16.520874,099.408318,2,7,2,2,4,59,1,0,1,2,4,3500,400000,33333,2,0,1,3,1,0,1,3,0,1,0.7917,79.1667,3,7,2,1.00,92
119,62,62-029,29,0,16.519044,099.430455,2,7,1,1,4,58,1,0,0,1,4,4500,0,33333,1,9,1,3,1,0,1,3,2,1,0.7917,79.1667,3,7,2,2.00,87
120,62,62-028,28,0,16.520706,099.473173,2,7,3,2,2,53,1,0,1,2,2,20500,50000,16667,1,9,0,0,1,0,0,3,1,1,0.6250,62.5000,0,7,2,0.50,103
121,62,62-034,34,0,16.512518,099.417704,2,6,2,1,3,41,1,1,2,3,2,8000,50000,28333,1,5,1,3,1,0,0,3,4,1,0.7500,75.0000,3,7,2,5.00,103
122,36,36-327,327,0,16.126271,102.091217,2,11,2,2,3,61,1,1,4,2,2,25150,50000,5833,1,9,1,2,1,2,1,2,2,1,0.7500,75.0000,0,7,2,1.00,79
123,83,83-002,2,1,08.018133,098.365330,2,0,2,1,3,57,5,0,1,3,3,11000,0,26250,2,9,1,3,1,0,0,2,3,1,0.5000,50.0000,5,7,2,4.00,80
142,36,36-328,328,1,16.126098,102.091407,2,50,2,2,3,57,1,1,2,3,1,20000,250000,2500,1,6,1,0,1,2,1,2,1,1,0.7500,75.0000,0,7,2,1.00,74
143,36,36-329,329,1,16.124213,102.091307,2,11,2,2,3,92,1,1,2,3,2,15850,0,6000,1,9,1,2,1,2,1,3,0,1,0.8750,87.5000,0,7,2,1.00,83
144,52,52-353,353,0,17.923217,099.288186,2,0,1,1,4,65,3,1,1,3,2,15500,100000,12100,1,6,1,1,1,2,1,2,0,1,0.5000,50.0000,4,7,2,1.00,80
145,36,36-330,330,1,16.124460,102.088477,2,44,2,1,3,50,1,0,6,3,3,17200,250000,7500,1,0,1,2,1,3,1,6,1,1,0.7500,75.0000,7,7,2,1.00,83
146,36,36-331,331,1,16.124313,102.088322,2,41,2,1,3,52,1,0,4,3,3,15500,27000,18333,1,9,1,2,1,3,1,3,1,1,0.7083,70.8333,5,7,2,1.00,77
147,36,36-332,332,1,16.124307,102.088523,2,55,2,1,4,62,1,1,5,3,3,12250,100000,2500,1,9,1,2,1,3,1,5,2,1,0.6667,66.6667,7,7,2,1.00,83
148,52,52-354,354,0,17.935983,099.272072,2,0,2,2,4,34,3,1,1,2,2,39900,70000,14600,1,8,1,1,1,2,1,2,0,2,0.5417,54.1667,4,7,2,300.00,91
149,36,36-333,333,1,16.125953,102.091475,2,48,2,2,5,85,1,1,4,3,2,6800,200000,2817,1,7,1,2,1,2,1,5,3,1,0.6667,66.6667,7,7,2,1.00,77
150,36,36-334,334,1,16.126608,102.090808,2,31,4,1,4,85,1,1,3,3,2,26300,100000,5767,1,10,1,2,1,1,1,4,2,1,0.7500,75.0000,0,7,2,1.00,76
152,52,52-355,355,0,17.933554,099.272237,2,0,1,2,4,34,5,1,0,2,2,30700,90000,14017,1,7,1,1,1,1,1,2,1,2,0.4583,45.8333,4,7,2,600.00,80
153,52,52-396,396,0,18.756312,099.497749,2,1,1,2,3,48,3,1,3,3,2,5800,0,10833,1,10,0,0,1,0,0,2,2,1,0.5833,58.3333,0,7,2,0.50,69
154,52,52-397,397,0,18.763783,099.510631,2,0,1,2,3,54,5,0,2,2,3,6800,0,8333,1,7,1,0,1,0,0,2,0,1,0.5000,50.0000,0,7,2,0.50,62
155,52,52-398,398,0,18.769644,099.489591,2,14,1,2,2,72,3,1,4,5,1,3800,250000,4500,1,10,1,0,1,2,0,2,1,2,0.6250,62.5000,7,7,2,1.00,57
156,52,52-356,356,0,17.934573,099.262699,2,0,1,2,4,32,4,1,0,3,2,9900,0,3117,2,9,1,1,1,1,1,2,2,2,0.5000,50.0000,2,7,2,1.00,85
157,62,62-035,35,0,16.548877,099.437095,2,7,2,2,3,51,1,0,0,1,3,8350,100000,26667,1,8,0,0,1,0,1,3,2,1,0.8333,83.3333,4,7,2,3.00,85
158,52,52-357,357,0,17.919312,099.301301,2,0,1,2,6,36,4,1,4,1,3,7300,0,8800,1,7,1,1,1,0,1,2,0,2,0.6250,62.5000,0,7,2,500.00,64
159,52,52-399,399,0,18.756178,099.507831,2,0,1,2,5,49,7,1,2,1,4,19200,200000,258333,1,9,1,0,3,2,0,2,0,1,0.6667,66.6667,3,7,2,1.50,93
160,52,52-400,400,0,18.762069,099.502763,2,0,1,2,3,35,6,1,0,0,1,6700,0,12500,1,7,1,0,1,0,0,2,0,1,0.6667,66.6667,0,7,2,2.00,71
161,62,62-036,36,0,16.518832,099.436971,2,0,1,2,2,46,1,0,0,0,2,4350,0,20833,1,8,0,0,1,2,0,3,0,1,0.8750,87.5000,2,7,2,4.00,91
162,62,62-037,37,0,16.544143,099.429091,2,8,2,2,3,61,4,1,1,2,0,8100,15000,13333,1,8,1,3,1,3,0,3,1,1,0.5417,54.1667,1,7,2,2.00,82
163,52,52-152,152,0,18.262609,099.638128,2,2,1,2,3,37,7,1,1,1,2,28400,300000,34000,0,0,0,0,1,0,1,2,2,1,0.7083,70.8333,0,7,2,3.00,92
164,62,62-038,38,0,16.542096,099.429935,2,25,1,1,2,57,3,0,2,1,2,72900,100000,17333,1,7,1,3,1,3,1,3,2,1,0.7083,70.8333,1,7,2,3.00,61
165,62,62-039,39,0,16.542581,099.429894,2,16,1,2,3,44,5,1,4,2,1,16350,0,21533,1,0,0,0,1,0,0,3,0,1,0.9583,95.8333,0,7,2,3.00,77
166,52,52-153,153,0,18.275175,099.640074,2,0,1,1,3,33,6,1,0,0,2,28000,0,18333,1,8,0,0,1,0,1,2,0,1,0.3333,33.3333,0,7,2,5.00,68
167,62,62-040,40,0,16.542616,099.429651,2,31,2,2,3,54,1,1,0,2,2,15200,50000,6250,1,8,0,0,1,0,0,3,0,1,0.4167,41.6667,0,7,2,3.00,96
168,52,52-154,154,0,18.273240,099.664920,2,0,1,2,5,38,7,1,1,2,2,33000,0,100000,1,8,0,0,1,0,2,3,0,1,0.7083,70.8333,0,7,2,1.00,97
169,52,52-155,155,0,18.268420,099.689770,2,10,2,2,5,23,6,1,1,4,3,26000,90000,15000,1,0,1,2,4,2,1,5,3,1,0.2917,29.1667,2,4,2,5.00,77
170,62,62-041,41,0,16.543188,099.429553,2,31,1,1,2,82,1,1,1,1,1,22250,90000,4967,1,0,1,3,1,0,1,3,0,1,0.4167,41.6667,3,7,2,2.00,63
171,62,62-042,42,0,16.542898,099.429533,2,37,2,2,5,57,3,1,0,2,4,10890,0,19000,1,9,1,2,1,0,1,4,1,1,0.3333,33.3333,2,7,2,3.00,53
172,62,62-043,43,0,16.542981,099.429512,2,61,1,2,4,16,5,1,2,2,3,19900,50000,15000,1,8,0,0,3,2,0,4,2,1,0.2500,25.0000,4,7,2,4.00,73
173,62,62-044,44,0,16.522182,099.477809,2,31,3,2,1,59,3,0,0,1,1,3500,10000,2500,1,11,1,3,4,1,2,4,1,1,0.4167,41.6667,0,7,2,2.00,61
174,62,62-045,45,0,16.542786,099.429615,2,40,1,2,5,35,1,1,1,2,4,19400,70000,26667,2,7,1,3,4,0,1,3,0,1,0.2917,29.1667,2,7,1,10.00,84
175,62,62-046,46,0,16.520842,099.408329,2,24,2,2,4,16,4,1,0,1,3,14000,50000,19167,1,7,1,3,1,2,0,3,0,1,0.7500,75.0000,4,5,2,1.00,100
176,62,62-047,47,0,16.521859,099.478046,2,25,2,2,3,65,3,1,0,2,0,9200,80000,12500,1,8,0,0,1,2,1,3,0,1,0.6250,62.5000,2,5,1,1.00,91
177,62,62-048,48,0,16.522393,099.477790,2,28,1,2,4,71,4,1,3,3,1,9300,70000,3300,1,8,0,0,1,0,0,3,2,1,0.6667,66.6667,1,7,2,2.00,105
178,52,52-096,96,0,18.278192,099.472022,2,11,1,1,3,77,5,1,2,2,1,3900,0,29700,1,8,0,0,1,0,1,3,0,1,0.5833,58.3333,0,7,2,1.00,78
179,52,52-097,97,0,18.277515,099.469409,2,13,4,1,4,73,6,1,2,2,2,10300,7500,34700,1,8,0,0,1,0,0,3,2,1,0.5833,58.3333,0,7,2,1.00,70
180,62,62-049,49,0,16.522338,099.477612,2,33,2,2,3,58,4,0,0,2,3,8000,0,13667,1,0,0,0,1,2,1,3,1,1,0.4583,45.8333,4,6,2,1.00,80
181,62,62-050,50,0,16.521819,099.477558,2,7,1,1,1,41,1,0,0,1,1,3800,0,16667,1,9,0,0,1,0,0,3,1,1,0.5833,58.3333,1,7,2,1.00,71
182,62,62-051,51,0,16.521831,099.477623,2,10,1,2,5,78,1,1,3,3,2,24500,70000,32500,2,4,1,3,1,0,0,3,2,1,0.6250,62.5000,2,7,2,1.00,84
183,24,24-001,1,0,13.703829,101.091862,2,0,1,1,3,45,7,1,0,1,2,289500,0,41667,1,9,0,0,1,0,1,2,1,5,0.7917,79.1667,0,7,1,2.00,89
184,52,52-098,98,0,18.277467,099.467797,2,5,1,1,2,79,4,1,2,1,1,19100,0,2750,1,9,0,0,1,0,0,3,1,1,0.7917,79.1667,3,7,2,1.00,81
185,52,52-099,99,0,18.272802,099.467936,2,11,1,2,3,51,7,1,2,2,2,9250,0,2867,1,8,0,0,1,0,0,3,0,1,0.6667,66.6667,0,7,1,1.00,71
186,52,52-100,100,0,18.272436,099.467698,2,9,1,2,2,63,4,1,2,1,1,7250,0,13600,1,8,0,0,1,0,0,4,0,1,0.6667,66.6667,0,7,2,0.50,73
187,52,52-101,101,0,18.272518,099.467821,2,11,1,1,4,74,4,1,1,2,2,11400,0,10400,1,8,0,0,1,0,0,3,0,1,0.5833,58.3333,0,7,1,1.00,78
188,62,62-052,52,0,16.521804,099.477742,2,4,1,2,4,70,1,1,1,3,2,3300,0,11667,1,8,0,0,1,0,0,3,2,1,0.6250,62.5000,2,7,2,1.00,69
189,52,52-103,103,0,18.253058,099.474353,2,11,4,1,5,70,3,1,1,1,2,8400,0,22800,1,8,0,0,1,0,1,2,0,1,0.4167,41.6667,0,7,1,1.00,65
190,52,52-102,102,0,18.270272,099.465832,2,11,1,2,4,68,3,1,1,1,1,8500,20000,36000,1,9,0,0,1,0,0,2,1,1,0.6250,62.5000,0,7,2,0.50,78
191,52,52-104,104,0,18.253317,099.474091,2,11,1,2,4,75,3,1,2,3,3,20790,500000,41200,1,8,0,0,1,0,1,2,1,1,0.5417,54.1667,0,7,2,1.00,78
192,52,52-105,105,0,18.253304,099.474088,2,11,1,1,4,37,7,1,1,1,3,19500,20000,30000,1,8,0,0,1,0,1,2,0,1,0.6250,62.5000,0,7,2,1.00,74
193,62,62-053,53,0,16.545572,099.428305,2,8,1,1,3,35,6,1,0,2,2,7000,200000,20000,1,7,1,3,1,2,0,3,2,1,0.8750,87.5000,2,7,2,1.00,87
194,62,62-054,54,0,16.519336,099.442076,2,28,2,2,3,39,6,1,1,1,2,44100,30000,33333,1,5,1,2,4,0,0,3,1,1,0.6667,66.6667,0,7,0,1.00,82
195,62,62-055,55,0,16.519653,099.442055,2,31,1,2,2,70,3,1,1,2,1,11000,0,14167,1,9,1,3,4,2,2,3,2,1,0.3750,37.5000,0,7,1,1.00,97
196,62,62-056,56,0,16.524900,099.476516,2,9,2,2,2,59,4,0,1,0,2,19360,500000,25000,1,8,1,3,1,0,1,3,1,1,0.8750,87.5000,3,7,0,2.00,106
197,62,62-057,57,0,16.524716,099.476615,2,11,1,1,1,47,4,0,0,1,1,4000,30000,4167,1,0,0,0,1,2,0,3,2,1,0.5833,58.3333,3,7,2,2.00,93
198,62,62-058,58,0,16.524775,099.476300,2,2,1,1,1,31,4,0,0,1,1,9680,18000,5833,1,9,1,2,1,0,0,3,1,1,0.7917,79.1667,1,7,2,2.00,87
199,62,62-059,59,0,16.524995,099.476171,2,2,2,2,1,36,7,0,0,2,1,20291,50000,28000,1,9,0,0,1,0,0,3,0,1,0.7917,79.1667,1,7,2,2.00,84
200,62,62-060,60,0,16.503101,099.483263,2,6,2,2,4,34,5,1,1,3,2,23000,100000,45833,1,9,1,3,1,2,0,3,2,1,0.9167,91.6667,2,7,2,3.00,92
201,62,62-061,61,0,16.533967,099.434543,2,1,2,2,2,66,4,1,1,1,0,12800,0,16667,1,7,1,3,1,0,0,3,1,1,1.0000,100.0000,4,7,2,2.00,96
203,62,62-063,63,0,16.503280,099.483332,2,3,1,2,3,32,6,0,2,2,3,16500,700000,26667,1,9,1,0,1,0,0,2,1,1,0.9583,95.8333,0,7,1,10.00,93
204,62,62-062,62,0,16.518951,099.430674,2,3,1,2,6,24,5,1,5,4,4,41000,500000,40700,2,7,1,3,4,0,1,3,3,1,0.8333,83.3333,5,7,0,20.00,90
205,62,62-064,64,0,16.542597,099.428191,2,2,1,1,3,53,4,0,1,1,3,6000,1000000,29167,1,6,1,3,1,0,1,3,2,1,0.9583,95.8333,2,7,2,1.00,90
206,52,52-106,106,0,18.251974,099.474878,2,11,1,1,2,73,3,1,1,2,0,1440,0,1400,1,10,1,1,1,0,1,3,0,1,0.6250,62.5000,0,7,2,1.00,80
207,52,52-107,107,0,18.252863,099.474611,2,14,1,1,6,65,3,1,2,2,3,13400,15000,33600,1,8,1,1,1,0,1,3,2,1,0.6250,62.5000,1,7,2,1.50,71
208,62,62-065,65,0,16.505294,099.409213,2,1,1,2,6,19,5,1,2,2,5,29600,100000,36667,1,2,1,3,1,0,0,3,1,1,0.9167,91.6667,2,7,0,2.00,93
209,52,52-108,108,0,18.253701,099.473692,2,11,4,2,6,60,3,1,2,1,3,14200,20000,18933,1,9,0,0,1,0,1,3,0,1,0.7083,70.8333,0,7,2,0.50,78
210,52,52-109,109,0,18.272641,099.467860,2,8,1,1,3,87,3,1,1,2,1,5400,0,16500,1,8,0,0,1,0,0,3,0,1,0.6667,66.6667,0,7,2,1.00,76
211,52,52-110,110,0,18.769410,099.465861,2,3,2,1,3,61,5,1,2,1,1,16500,0,31667,1,8,0,0,1,0,0,2,1,1,0.4167,41.6667,0,7,2,1.00,49
212,62,62-066,66,0,16.558041,099.472857,2,7,2,2,2,43,4,0,0,1,2,3500,0,20000,1,9,0,0,1,0,0,3,0,1,0.9583,95.8333,2,7,2,3.00,106
213,62,62-067,67,0,16.558168,099.472802,2,6,2,2,4,34,4,1,0,2,3,6900,60000,25000,1,7,1,0,4,0,1,5,0,1,0.9167,91.6667,0,7,2,5.00,98
214,62,62-068,68,0,16.518941,099.411147,2,7,2,1,4,46,3,0,1,1,4,27500,200000,25000,1,8,1,3,1,0,1,3,1,1,0.6667,66.6667,2,7,1,13.00,99
215,62,62-069,69,0,16.483900,099.388308,2,13,1,2,3,46,3,0,3,3,3,15800,200000,18333,1,9,1,2,3,0,1,3,2,1,0.5417,54.1667,3,7,2,10.00,77
216,62,62-070,70,0,16.518864,099.436629,2,0,1,2,3,47,7,1,0,0,2,61000,250000,40833,1,7,1,1,4,0,0,4,0,2,0.6250,62.5000,0,7,0,0.50,91
217,62,62-071,71,0,16.530279,099.429727,2,0,2,2,3,39,7,1,1,2,2,18520,100000,8333,1,8,1,3,1,0,1,3,2,1,1.0000,100.0000,2,7,2,1.00,82
218,62,62-072,72,0,16.499618,099.406603,2,0,1,2,4,33,7,1,0,2,3,17200,0,25000,1,0,0,0,1,0,1,3,1,1,1.0000,100.0000,2,7,0,5.00,105
219,62,62-073,73,0,16.499589,099.406925,2,3,1,2,1,79,3,1,0,3,0,1100,0,8333,1,11,0,0,1,0,1,3,1,1,1.0000,100.0000,1,7,1,4.00,106
220,62,62-074,74,0,16.504505,099.440270,2,5,2,2,2,49,5,0,0,0,2,3500,0,11667,1,10,1,3,1,0,1,3,0,1,0.7083,70.8333,3,7,2,3.00,100
221,62,62-075,75,0,16.519456,099.438068,2,7,1,2,2,44,7,0,1,1,2,11800,200000,16833,1,8,1,3,1,2,1,3,2,1,0.6250,62.5000,2,7,1,4.00,103
222,62,62-076,76,0,16.519788,099.438334,2,7,1,2,4,41,6,1,2,0,1,10500,100000,20833,1,10,1,2,3,1,0,3,3,1,0.5000,50.0000,3,7,2,4.00,83
223,62,62-077,77,0,16.535462,099.483868,2,0,1,2,3,43,7,1,0,1,2,11000,0,25000,1,8,0,0,1,0,1,3,1,1,0.8333,83.3333,2,7,2,3.00,100
224,62,62-078,78,0,16.519486,099.437884,2,3,1,2,3,50,6,0,0,0,3,7000,0,18333,1,8,0,0,1,1,1,3,2,1,0.7917,79.1667,2,7,2,3.00,97
225,62,62-079,79,0,16.512862,099.481198,2,0,1,2,3,55,5,1,1,0,2,8000,0,16667,1,9,0,0,1,0,1,3,1,1,0.6667,66.6667,3,7,0,1.00,89
226,62,62-080,80,0,16.523306,099.477156,2,3,2,2,3,18,5,0,0,4,3,8500,0,20000,1,0,0,0,1,0,1,3,5,1,0.7083,70.8333,7,7,2,1.00,97
227,62,62-081,81,0,16.523062,099.477102,2,0,2,2,2,16,5,0,0,1,2,7300,0,12500,1,0,0,0,1,0,1,3,1,1,0.5000,50.0000,3,7,2,1.00,80
228,62,62-082,82,0,16.526202,099.476482,2,7,2,2,3,70,3,1,0,3,1,3700,0,10000,1,9,0,0,1,1,0,3,1,1,0.8333,83.3333,3,7,2,1.00,97
229,62,62-083,83,0,16.558192,099.472857,2,10,2,2,3,64,4,1,0,2,1,2000,30000,12500,1,9,1,3,1,0,0,3,2,1,0.6250,62.5000,3,7,2,3.00,54
232,52,52-111,111,0,18.280004,099.467468,2,2,1,2,1,73,4,1,2,2,0,8150,0,1700,1,9,0,0,1,0,0,2,1,1,0.5417,54.1667,3,4,2,1.00,85
234,52,52-112,112,0,18.280228,099.467043,2,13,1,2,1,55,5,0,1,1,1,5520,0,6000,1,10,0,0,1,0,0,2,0,1,0.7083,70.8333,3,7,2,1.00,86
235,83,83-171,171,0,07.908810,098.389450,2,2,1,1,2,52,5,0,0,1,2,42264,200000,45000,1,0,0,0,1,0,0,4,3,5,0.0000,0.0000,0,7,0,1.00,58
236,83,83-172,172,0,07.923590,098.383010,2,13,3,2,1,60,3,0,0,0,1,21100,1000000,2000,1,0,0,0,2,0,0,4,1,4,0.2083,20.8333,0,7,0,1.00,51
237,83,83-173,173,0,07.868474,098.373796,2,17,4,2,1,34,7,0,0,1,1,145000,2000000,16667,1,11,0,0,1,0,0,4,2,1,0.0833,8.3333,0,2,1,10.00,53
238,83,83-174,174,0,07.917450,098.392190,2,2,1,2,3,26,7,1,0,0,2,39100,3900000,53333,1,9,1,1,1,0,1,3,3,1,0.0000,0.0000,0,7,0,3.00,104
239,83,83-031,31,0,07.621510,098.324190,2,0,1,1,4,46,6,1,0,3,3,20700,0,35000,1,8,0,0,1,0,0,2,1,3,0.5417,54.1667,0,7,2,1.00,53
240,83,83-032,32,0,07.912130,098.391770,2,0,1,1,4,50,4,0,0,2,4,9400,0,60000,1,0,0,0,1,0,1,3,1,1,0.5833,58.3333,0,7,2,1.00,55
241,83,83-041,41,0,07.924450,098.399757,2,0,1,2,3,36,7,1,0,2,2,22500,0,55000,1,9,0,0,1,0,1,2,2,5,0.6250,62.5000,0,7,2,1.50,105
242,83,83-042,42,0,07.923694,098.395810,2,0,1,1,2,76,3,1,0,1,0,11500,0,72000,1,0,0,0,1,0,1,3,3,5,0.5417,54.1667,0,7,0,0.50,105
243,83,83-043,43,0,07.924537,098.374785,2,0,1,2,3,33,7,1,0,1,2,29000,0,60000,1,0,0,0,1,0,0,3,3,5,0.0000,0.0000,0,7,2,2.00,106
244,83,83-044,44,0,07.913286,098.394152,2,0,1,1,2,33,7,0,0,1,2,20200,0,63083,1,9,0,0,1,0,1,3,0,1,0.0417,4.1667,0,7,2,7.00,102
245,83,83-045,45,0,07.923574,098.398742,2,0,1,1,2,38,4,0,0,1,2,14700,0,45000,1,0,0,0,1,0,0,2,1,5,0.0417,4.1667,0,7,2,1.00,74
246,83,83-033,33,0,07.912150,098.391840,2,0,1,1,2,56,6,0,0,3,2,4500,0,30000,1,10,0,0,1,0,0,2,1,1,0.6250,62.5000,0,7,2,1.00,59
247,83,83-046,46,0,07.928584,098.400849,2,0,1,1,4,27,4,0,0,0,4,17700,100000,60000,1,0,0,0,1,0,1,3,3,5,0.0417,4.1667,0,7,2,1.70,66
248,83,83-034,34,0,07.908770,098.389440,2,7,1,2,1,20,7,0,0,1,1,6500,0,4000,1,0,0,0,1,0,0,2,1,2,0.5833,58.3333,0,7,3,1.00,58
249,83,83-047,47,0,07.923461,098.398057,2,0,1,1,2,64,5,1,0,2,1,7500,0,25000,1,8,0,0,1,0,1,3,1,5,0.1250,12.5000,0,7,2,1.50,77
250,83,83-048,48,0,07.913823,098.395903,2,0,1,2,4,58,5,0,0,1,4,7000,0,30000,1,10,0,0,1,0,1,3,1,5,0.2083,20.8333,0,7,2,3.00,74
251,62,62-084,84,0,16.605605,099.449377,2,0,1,2,4,26,7,1,0,3,3,10900,200000,17267,1,8,0,0,1,0,1,3,0,1,0.8333,83.3333,3,7,1,5.00,102
252,83,83-049,49,0,07.907445,098.402651,2,0,1,1,2,41,7,0,0,1,2,10000,800000,33333,1,8,0,0,1,0,1,2,3,5,0.0417,4.1667,0,7,2,1.70,85
253,62,62-085,85,0,16.596712,099.456296,2,0,1,1,4,21,4,1,1,3,3,19000,0,17267,1,8,0,0,1,0,0,3,0,1,0.7917,79.1667,2,7,0,5.00,94
254,83,83-050,50,0,07.913248,098.396049,2,0,1,2,4,54,6,0,1,2,4,20000,0,52500,1,8,0,0,1,0,2,3,3,5,0.0833,8.3333,0,7,2,1.80,105
255,83,83-051,51,0,07.913458,098.395136,2,0,1,2,1,33,7,0,0,1,1,6000,0,16667,1,9,0,0,1,0,0,3,2,5,0.1667,16.6667,0,7,2,2.00,105
256,62,62-086,86,0,16.613010,099.446429,2,81,1,1,3,21,4,1,1,3,1,8800,0,5767,1,8,1,1,1,0,0,3,2,1,0.7917,79.1667,2,7,2,5.00,80
257,83,83-052,52,0,07.924945,098.398714,2,0,1,1,2,45,5,0,0,2,2,12000,0,50000,1,9,0,0,1,0,0,2,2,5,0.3750,37.5000,0,7,0,1.30,88
258,62,62-087,87,0,16.590393,099.460052,2,3,1,2,3,45,6,1,0,2,2,11000,0,19133,1,8,0,0,1,0,1,3,0,1,0.8333,83.3333,3,7,2,6.00,96
259,83,83-053,53,0,07.924940,098.399728,2,0,1,1,2,53,3,0,2,2,2,50000,1600000,36000,1,0,0,0,1,0,0,2,2,5,0.7083,70.8333,0,7,2,1.50,105
260,62,62-088,88,0,16.596016,099.456704,2,3,2,2,4,42,5,1,0,4,2,4400,0,4767,2,9,0,0,1,0,0,3,2,1,0.7083,70.8333,3,7,2,6.00,96
261,83,83-054,54,0,07.923608,098.398230,2,0,1,2,3,55,3,0,0,2,3,11400,0,26667,2,9,0,0,1,0,0,2,2,1,0.1667,16.6667,0,7,2,1.50,82
262,83,83-055,55,0,07.923575,098.398411,2,0,1,2,1,42,5,0,0,2,1,9600,1000000,15000,1,0,0,0,1,0,0,2,1,5,0.6667,66.6667,0,7,2,2.00,70
263,62,62-089,89,0,16.595155,099.457166,2,3,1,2,4,30,7,1,0,3,2,5050,60000,11400,1,10,0,0,1,0,1,3,2,1,0.7917,79.1667,2,7,1,6.00,89
264,83,83-035,35,0,07.922470,098.384590,2,0,1,2,2,35,5,0,0,2,2,8000,2000,30000,1,9,0,0,1,0,1,4,1,1,0.6667,66.6667,0,7,2,1.00,89
265,83,83-056,56,0,07.922716,098.398632,2,0,1,1,4,63,7,1,0,0,2,251000,0,210000,2,8,0,0,1,0,1,2,1,5,0.9167,91.6667,0,7,1,3.00,106
266,83,83-036,36,0,07.907920,098.388610,2,6,1,2,3,34,6,1,0,3,2,4600,0,17000,1,10,0,0,1,0,0,2,1,1,0.6667,66.6667,0,7,2,1.00,66
267,83,83-037,37,0,07.908850,098.389500,2,2,1,1,2,65,4,1,0,4,1,3900,0,16000,1,10,0,0,1,0,1,4,1,1,0.5833,58.3333,0,7,2,1.00,68
268,83,83-058,58,0,07.907157,098.401330,2,0,1,2,3,18,5,0,0,0,3,15000,0,35833,1,9,0,0,1,0,1,2,0,5,0.0000,0.0000,0,7,2,1.50,64
269,83,83-057,57,0,07.913512,098.395874,2,0,1,2,5,70,3,1,0,2,3,4000,0,66667,1,9,0,0,1,0,2,2,1,5,0.0833,8.3333,0,7,2,1.00,46
271,83,83-060,60,0,07.907593,098.402378,2,0,1,2,2,41,7,0,0,0,2,24000,0,50000,1,9,0,0,1,0,1,2,0,5,0.1667,16.6667,0,0,1,0.50,56
272,83,83-061,61,0,07.905782,098.400934,2,0,1,2,2,31,7,0,0,2,2,14500,0,25000,1,0,0,0,1,0,1,3,1,5,0.0417,4.1667,0,7,2,1.00,78
273,83,83-038,38,0,07.908550,098.388840,2,0,1,2,3,47,5,1,0,3,2,4900,0,17000,1,10,0,0,1,0,0,2,1,1,0.7500,75.0000,0,7,2,1.00,92
274,83,83-062,62,0,07.907962,098.399387,2,0,1,1,1,38,7,0,0,0,1,9000,0,20833,1,9,0,0,1,0,1,3,2,5,0.0417,4.1667,0,7,2,2.00,56
276,83,83-059,59,0,07.907490,098.391658,2,0,1,2,2,47,7,0,0,0,2,12000,0,41667,1,9,0,0,1,0,1,3,0,5,0.2917,29.1667,0,7,2,1.80,89
277,83,83-039,39,0,07.908580,098.388840,2,2,1,2,5,62,4,1,0,4,1,4700,0,17000,1,10,0,0,1,0,0,2,2,1,0.5417,54.1667,0,7,2,1.00,60
278,83,83-040,40,0,07.908810,098.388850,2,0,1,2,1,42,4,0,0,2,1,3800,0,8500,1,10,0,0,1,0,0,2,1,3,0.6250,62.5000,0,7,2,1.00,55
279,83,83-063,63,0,07.907512,098.400006,2,0,1,2,3,56,3,0,0,2,3,24500,0,58333,1,10,0,0,1,0,1,3,0,5,0.2083,20.8333,0,7,2,1.00,74
280,83,83-064,64,0,07.913558,098.394734,2,0,1,1,1,30,7,0,0,0,1,5500,0,20833,1,9,0,0,1,0,2,3,0,5,0.0833,8.3333,0,7,2,3.00,43
281,83,83-065,65,0,07.914068,098.393572,2,0,1,2,2,40,7,1,0,0,1,16000,0,50000,1,9,0,0,1,0,2,3,0,5,0.0417,4.1667,0,7,2,1.80,77
282,83,83-066,66,0,07.913431,098.395671,2,0,1,2,2,37,7,0,0,1,2,20500,0,33333,1,9,0,0,1,0,2,3,0,5,0.0417,4.1667,0,7,2,1.20,90
283,83,83-067,67,0,07.924693,098.399196,2,0,1,2,2,50,3,0,0,1,2,10000,0,33333,1,9,0,0,1,0,2,3,0,5,0.0417,4.1667,0,7,2,1.60,84
284,83,83-068,68,0,07.908667,098.402999,2,0,1,2,2,38,7,0,0,1,2,9000,0,50000,1,9,0,0,1,0,2,3,0,5,0.0417,4.1667,0,7,2,2.00,49
285,83,83-069,69,0,07.906463,098.401161,2,0,1,2,3,40,7,0,0,0,3,50000,0,50000,1,8,0,0,1,0,2,3,0,5,0.3333,33.3333,0,5,1,0.80,77
286,83,83-070,70,0,07.918383,098.395702,2,0,1,1,2,49,7,0,0,0,2,16800,0,30000,1,0,0,0,1,0,0,2,2,5,0.7083,70.8333,0,7,2,4.00,82
287,83,83-300,300,0,07.841173,098.349753,2,0,1,2,3,57,3,0,2,2,3,31499,0,22000,1,10,0,0,1,0,2,3,4,1,0.4583,45.8333,0,7,2,2.00,64
288,62,62-090,90,0,16.594494,099.458324,2,66,4,1,3,50,1,1,0,2,1,6350,0,4167,1,9,0,0,1,0,0,3,0,1,0.7083,70.8333,2,7,2,5.00,72
289,83,83-301,301,0,07.840860,098.349481,2,9,1,2,5,34,5,1,0,2,3,27000,580000,21667,1,9,0,0,1,0,1,3,6,1,0.7500,75.0000,0,7,2,1.00,65
290,62,62-091,91,0,16.594696,099.457812,2,1,1,2,3,57,4,0,2,3,3,6800,100000,8333,1,8,1,3,1,0,0,3,0,1,0.8333,83.3333,2,7,1,6.00,92
291,83,83-302,302,0,07.841190,098.349535,2,1,1,2,3,58,4,1,1,3,2,31000,0,20833,1,10,0,0,1,0,1,3,1,1,0.5000,50.0000,0,7,2,1.00,67
292,62,62-092,92,0,16.594628,099.457341,2,35,4,2,2,63,3,1,0,3,1,3600,400000,1833,1,7,1,2,1,0,0,3,0,2,0.8750,87.5000,2,7,2,3.00,62
293,52,52-014,14,0,18.425642,099.666161,2,3,2,2,3,58,3,0,5,3,3,11420,85000,26667,1,7,1,5,1,3,1,2,3,1,0.4583,45.8333,3,7,2,1.00,94
294,83,83-304,304,0,07.840269,098.350322,2,9,3,2,3,60,3,0,0,3,3,19800,0,8333,1,10,0,0,1,0,0,2,3,1,0.5833,58.3333,0,7,1,2.00,67
295,83,83-305,305,0,07.840677,098.349645,2,10,3,2,3,61,1,1,0,3,0,41500,45000,5000,1,10,0,0,1,0,0,2,4,1,0.5833,58.3333,0,7,1,8.00,53
296,52,52-001,1,0,18.420264,099.664441,2,4,2,1,3,60,3,1,0,3,1,11000,30000,10417,1,9,1,0,1,2,1,2,2,1,0.6250,62.5000,4,7,2,0.50,63
297,83,83-306,306,0,07.840868,098.349659,2,0,1,2,5,71,3,1,1,3,3,70000,1000000,8333,1,9,0,0,1,0,1,3,3,1,0.5417,54.1667,0,7,2,1.00,57
298,52,52-002,2,0,18.417418,099.663363,2,0,1,2,4,50,3,1,2,3,2,19000,350000,14583,1,9,1,4,1,0,1,2,5,1,0.7500,75.0000,4,7,2,1.00,106
299,83,83-307,307,0,07.840310,098.350333,2,0,1,2,1,32,4,0,0,2,1,13000,0,8333,1,10,0,0,1,0,0,2,1,1,0.3750,37.5000,0,7,2,2.00,50
300,52,52-003,3,1,18.419630,099.662784,2,0,1,2,3,61,4,1,0,4,0,12000,0,14083,1,7,1,4,3,2,1,2,3,1,0.7083,70.8333,3,7,2,1.00,73
301,83,83-308,308,0,07.840430,098.350138,2,5,3,2,2,82,3,1,0,3,1,9500,0,8333,1,10,0,0,1,0,0,2,3,1,0.6667,66.6667,0,7,2,2.00,58
302,52,52-004,4,0,18.418910,099.662623,2,0,1,1,3,51,3,0,0,3,3,18500,150000,11250,1,7,1,3,1,2,1,2,3,1,0.7083,70.8333,4,7,2,1.00,84
303,52,52-005,5,0,18.420685,099.666577,2,5,3,1,2,51,3,1,5,3,1,18500,220000,14583,1,8,0,0,1,0,2,2,3,1,0.6250,62.5000,7,7,2,0.50,97
304,52,52-006,6,0,18.423760,099.651796,2,2,1,2,3,65,4,1,0,3,1,8000,0,13800,1,10,1,0,1,0,2,2,3,2,0.5833,58.3333,3,7,2,0.50,70
305,52,52-007,7,0,18.422228,099.651977,2,0,1,2,5,30,6,1,1,3,3,10500,20000,24250,1,8,1,0,1,0,1,2,4,1,0.7500,75.0000,5,7,2,0.50,100
306,52,52-008,8,0,18.423612,099.676490,2,14,2,2,3,57,3,0,0,3,3,8500,0,20833,1,9,1,0,1,2,1,2,3,2,0.7083,70.8333,0,7,2,0.50,68
307,52,52-009,9,0,18.423755,099.676959,2,0,2,2,3,31,7,0,1,3,3,16500,35000,24167,1,9,1,0,1,2,1,2,4,1,0.7500,75.0000,4,7,2,1.00,83
308,52,52-010,10,0,18.423765,099.676265,2,0,2,1,4,65,3,1,0,5,2,20500,100000,26667,1,8,1,6,1,2,1,2,6,1,0.7917,79.1667,5,7,2,0.50,103
309,62,62-142,142,0,16.057099,099.377995,2,11,1,2,2,47,4,1,1,0,1,41600,800000,2500,1,8,1,2,2,1,0,4,1,2,0.9167,91.6667,2,7,1,5.00,102
310,62,62-143,143,0,16.041938,099.379519,2,50,4,2,4,56,1,0,1,3,4,20000,50000,15000,1,7,0,2,2,1,1,2,0,1,0.7917,79.1667,7,7,2,20.00,106
311,52,52-011,11,0,18.414283,099.645623,2,0,2,2,5,48,5,1,3,4,3,24000,1000000,17750,1,9,1,0,1,0,1,3,6,1,0.8750,87.5000,4,7,2,3.00,103
312,52,52-012,12,0,18.428882,099.657513,2,0,1,2,5,62,3,1,0,3,3,27000,100000,30000,1,9,1,0,1,0,1,3,2,1,0.8750,87.5000,3,7,2,1.00,90
313,62,62-093,93,0,16.590903,099.460273,2,29,3,2,7,18,4,1,0,2,5,25250,100000,37500,1,6,1,3,1,0,0,4,2,1,0.4583,45.8333,1,7,2,5.00,86
314,62,62-144,144,0,16.057296,099.378652,2,94,2,2,3,23,4,1,0,3,2,23600,50000,4458,1,10,1,1,4,1,0,4,2,2,0.5417,54.1667,0,7,1,-1.00,65
315,52,52-013,13,0,18.419721,099.662926,2,3,3,1,3,57,3,0,6,1,3,16100,60000,8750,1,8,0,1,1,1,0,3,0,1,0.0417,4.1667,2,7,2,1.00,92
316,62,62-145,145,0,16.055869,099.377168,2,9,1,2,4,23,5,1,0,0,3,17000,40000,4167,1,9,1,2,1,0,0,4,1,1,0.4583,45.8333,0,7,2,20.00,72
317,83,83-303,303,0,07.850465,098.355306,2,0,1,2,2,46,7,0,0,0,2,15300,0,20000,1,9,0,0,1,0,1,3,1,1,0.5000,50.0000,0,7,0,2.00,55
318,62,62-146,146,0,16.060901,099.379623,2,0,1,2,2,73,3,1,2,2,0,14800,0,2500,1,7,1,3,4,1,1,6,0,1,0.7083,70.8333,7,7,2,3.00,89
319,62,62-147,147,0,16.058061,099.380142,2,31,2,2,1,54,3,0,1,1,1,27000,500000,8333,1,0,1,1,2,0,0,4,1,5,0.8333,83.3333,5,7,1,9.00,78
320,83,83-311,311,0,07.850346,098.357392,2,0,1,2,4,62,3,1,0,2,1,73800,1400000,14167,1,9,0,0,1,0,0,2,4,1,0.8333,83.3333,0,7,1,2.00,75
321,83,83-309,309,0,07.847168,098.358875,2,2,1,2,3,42,5,1,0,2,2,33500,0,20000,2,0,0,0,1,0,0,2,3,5,0.7083,70.8333,0,5,0,0.50,68
322,62,62-094,94,0,16.591330,099.459855,2,5,1,2,5,29,7,1,0,3,4,14300,100000,24167,1,6,1,3,1,2,0,3,1,1,0.7500,75.0000,2,7,0,15.00,105
323,62,62-095,95,0,16.593207,099.464311,2,18,4,1,3,27,4,1,0,2,2,17600,10000,6667,2,7,1,1,1,1,0,4,2,1,0.7083,70.8333,2,7,2,2.00,82
324,62,62-096,96,0,16.593363,099.464174,2,3,1,2,1,58,5,0,0,2,1,9300,20000,4167,1,6,1,2,1,1,1,3,0,1,0.7500,75.0000,2,7,2,5.00,92
325,62,62-097,97,0,16.591405,099.458724,2,14,1,1,2,63,3,1,1,3,1,7500,300000,10000,1,0,1,3,1,2,1,5,0,1,0.7083,70.8333,2,7,2,6.00,66
326,62,62-098,98,0,16.606262,099.448951,2,7,1,2,1,29,6,0,0,2,1,45290,24200,80000,1,8,1,2,1,1,0,2,2,1,0.5833,58.3333,5,7,1,25.00,77
327,24,24-064,64,0,13.843892,101.032052,2,2,1,2,4,41,5,1,0,1,2,21800,200000,22500,1,8,1,0,1,0,1,2,0,1,0.6250,62.5000,0,7,1,8.00,78
329,24,24-065,65,0,13.839894,101.010467,2,0,1,1,1,45,6,0,0,1,1,19700,0,20000,1,9,0,0,1,0,1,2,2,1,0.5417,54.1667,0,7,2,6.00,77
330,24,24-066,66,0,13.841201,100.998000,2,0,2,2,1,63,5,1,0,0,0,5000,0,10000,1,0,0,0,1,0,1,2,1,6,0.4583,45.8333,0,7,2,0.05,77
331,24,24-067,67,0,13.827247,100.985874,2,0,1,2,1,63,3,1,0,1,0,5500,0,4167,1,10,0,0,1,0,0,2,1,6,0.5000,50.0000,0,7,2,0.50,71
332,24,24-068,68,0,13.843182,101.030584,2,0,2,1,2,64,3,1,0,0,1,10500,0,10333,1,9,0,0,1,0,1,2,0,1,0.5417,54.1667,0,7,2,3.00,77
333,24,24-069,69,0,13.821103,100.994456,2,0,1,2,2,45,4,0,0,0,2,10000,0,16667,1,9,0,0,1,0,1,2,1,1,0.5417,54.1667,0,7,1,3.00,71
334,62,62-099,99,0,16.606338,099.448876,2,3,2,2,9,42,4,1,0,2,5,15600,30000,7917,1,0,0,0,1,2,0,3,0,1,0.8333,83.3333,4,7,2,5.00,101
335,62,62-100,100,0,16.605518,099.449327,2,41,1,2,2,80,1,1,1,3,1,5950,0,8333,1,8,0,0,1,0,0,2,2,1,0.8750,87.5000,5,7,2,5.00,78
336,62,62-102,102,0,16.586364,099.463757,2,0,1,2,5,67,4,1,1,4,2,21000,35000,33333,1,9,1,3,1,0,0,3,2,1,0.9167,91.6667,0,7,1,6.00,101
337,62,62-101,101,0,16.590948,099.460229,2,45,1,1,2,42,1,0,0,3,2,21200,100000,16667,1,8,0,0,1,0,0,2,0,1,0.7917,79.1667,4,7,2,6.00,64
338,62,62-148,148,0,16.114214,099.504728,2,5,4,2,4,25,4,1,0,1,2,79442,200000,16667,1,9,0,0,1,1,0,4,1,1,0.9167,91.6667,5,7,2,1.50,84
339,62,62-104,104,0,16.593973,099.456541,2,14,1,2,2,65,6,1,0,2,1,41000,0,6667,1,8,0,0,1,0,0,2,0,1,0.7917,79.1667,2,0,0,15.00,76
340,62,62-103,103,0,16.586161,099.463735,2,0,2,2,5,26,1,1,0,3,2,16700,30000,31667,1,9,1,2,1,1,1,2,1,1,0.8750,87.5000,1,7,1,7.00,95
341,62,62-105,105,0,16.590584,099.460023,2,0,1,2,2,46,6,1,0,2,1,69000,60000,250000,1,8,1,2,1,0,1,3,1,1,0.8333,83.3333,3,7,0,15.00,102
342,52,52-113,113,0,18.277975,099.466568,2,5,2,2,2,68,3,1,2,1,1,10500,10000,1433,1,9,0,0,1,0,0,3,2,1,0.5417,54.1667,0,7,1,1.00,78
343,62,62-149,149,0,16.114853,099.504372,2,7,4,2,3,44,3,1,1,1,2,9250,100000,2500,1,9,1,0,2,1,0,6,0,1,0.9167,91.6667,7,7,2,1.50,106
344,52,52-114,114,0,18.279525,099.466544,2,7,1,2,2,77,3,1,1,1,1,82700,0,1100,1,9,0,0,1,0,0,3,0,1,0.5833,58.3333,0,7,0,1.00,74
345,62,62-150,150,0,16.120393,099.526041,2,12,3,2,2,70,1,1,2,3,1,7469,0,1667,1,10,0,0,4,0,1,4,0,1,0.7917,79.1667,7,7,1,1.00,86
346,52,52-115,115,0,18.254844,099.452032,2,8,1,2,4,52,6,1,1,1,3,17700,750000,4100,1,8,0,0,1,0,0,2,0,1,0.5000,50.0000,0,7,2,1.50,72
347,62,62-151,151,0,16.117843,099.525803,2,17,2,2,4,61,3,1,0,2,2,34300,10000,4167,1,7,1,2,4,2,0,3,2,6,0.2500,25.0000,0,7,2,1.00,54
348,52,52-015,15,0,18.418844,099.657706,2,5,2,2,2,63,3,1,7,3,1,11620,400000,15417,1,8,1,3,1,0,1,3,1,1,0.7500,75.0000,5,7,2,0.50,97
349,52,52-016,16,0,18.427314,099.665718,2,5,2,2,2,68,3,1,6,3,0,14000,250000,2500,1,9,1,3,1,0,0,2,2,1,0.5833,58.3333,0,7,2,500.00,103
350,52,52-017,17,0,18.390171,099.595524,2,0,2,2,3,30,7,1,0,2,2,25000,35000,16917,1,8,1,0,1,0,1,2,2,1,0.9167,91.6667,0,7,2,1.00,103
351,52,52-018,18,0,18.390829,099.600590,2,0,1,1,3,30,5,1,0,1,1,13000,50000,16000,1,8,1,2,3,2,1,2,3,1,0.7917,79.1667,0,7,2,5.00,100
352,62,62-152,152,0,16.117691,099.526076,2,28,1,1,3,54,3,0,2,1,3,49000,300000,20833,1,5,1,3,1,1,0,4,2,1,0.7917,79.1667,7,7,1,2.00,90
353,52,52-116,116,0,18.255503,099.452615,2,8,1,1,2,60,6,0,2,1,2,3150,0,1833,1,8,0,0,1,0,0,2,2,1,0.5833,58.3333,0,7,2,1.50,76
354,62,62-153,153,0,16.114356,099.504744,2,2,1,2,5,55,3,1,2,0,2,10300,500000,6667,1,9,1,2,3,2,2,5,0,1,0.6667,66.6667,6,7,2,1.00,85
355,52,52-117,117,0,18.255605,099.452563,2,10,1,1,4,51,7,1,1,1,3,12660,0,10000,1,8,0,0,1,0,0,2,2,1,0.4583,45.8333,0,7,2,1.00,74
356,24,24-070,70,0,13.817663,100.992879,2,2,2,1,3,45,5,0,0,2,3,16300,0,16667,1,9,1,2,1,0,1,2,1,1,0.5833,58.3333,0,7,2,3.00,68
357,62,62-154,154,0,16.113961,099.504772,2,8,4,1,2,49,1,0,2,2,2,6200,10000,1292,0,0,0,0,1,0,0,4,1,1,0.4167,41.6667,0,7,2,1.00,56
358,52,52-118,118,0,18.275498,099.468080,2,8,1,1,3,62,5,1,2,2,1,9599,0,33600,1,8,0,0,1,0,0,3,0,1,0.5417,54.1667,0,7,0,0.50,71
359,24,24-071,71,0,13.818056,100.992566,2,2,2,2,2,39,5,0,0,0,2,5500,0,16667,1,10,0,0,1,0,1,2,0,1,0.7083,70.8333,0,7,2,2.00,68
360,62,62-155,155,0,16.114623,099.504318,2,0,1,2,2,38,5,1,1,1,1,13040,6800,2083,0,0,0,0,1,0,0,4,0,1,0.4167,41.6667,0,7,2,1.00,69
361,24,24-072,72,0,13.819264,100.995603,2,2,1,1,2,38,6,0,0,0,2,22000,0,20833,1,9,0,0,1,0,1,2,0,1,0.7917,79.1667,0,7,2,3.00,71
362,52,52-119,119,0,18.278160,099.465402,2,10,1,1,6,79,3,1,1,2,4,4849,70000,11200,1,9,0,0,1,0,0,2,0,1,0.5833,58.3333,0,7,2,1.00,76
363,62,62-156,156,0,16.117972,099.525643,2,42,4,2,3,43,4,0,0,2,3,23500,0,7500,1,8,0,0,1,0,0,3,5,4,0.5417,54.1667,2,7,2,2.00,71
364,24,24-073,73,0,13.818096,100.994332,2,2,2,1,3,42,4,1,0,0,2,7000,0,13333,1,10,0,0,1,0,1,2,0,1,0.6667,66.6667,0,7,2,2.00,68
365,52,52-120,120,0,18.280603,099.465144,2,9,1,2,2,71,5,1,1,2,1,5099,0,8700,1,8,0,0,1,0,0,2,0,1,0.6250,62.5000,0,7,2,1.00,72
366,24,24-074,74,0,13.884955,101.010588,2,2,1,2,2,49,6,1,0,1,1,14000,40000,10250,1,9,0,0,1,0,1,2,2,1,0.6667,66.6667,0,7,2,3.00,71
367,24,24-075,75,0,13.838787,101.015844,2,0,1,1,1,49,6,0,0,0,1,30200,50000,16667,1,9,0,0,1,0,1,2,0,1,0.7083,70.8333,0,7,2,2.00,69
368,62,62-157,157,0,16.118172,099.525936,2,0,1,2,2,64,3,1,0,1,0,6400,0,4167,0,0,0,0,1,0,0,2,0,1,0.3333,33.3333,0,7,2,2.00,57
369,24,24-076,76,0,13.846049,101.038936,2,1,1,1,2,45,6,0,0,0,2,15300,0,14167,1,9,0,0,1,0,1,2,2,1,0.6667,66.6667,0,7,1,2.00,68
370,62,62-106,106,0,16.596630,099.456353,2,3,2,2,3,42,3,1,0,4,2,6000,0,6250,0,0,0,0,1,0,1,3,0,1,0.7500,75.0000,3,7,2,15.00,98
371,62,62-257,257,0,16.301387,099.778979,2,0,1,2,5,41,4,1,0,1,3,9200,50000,23333,1,9,1,0,4,0,0,3,0,1,0.5833,58.3333,0,7,2,2.00,66
372,62,62-107,107,0,16.598418,099.455677,2,0,1,2,3,62,3,1,0,3,1,13500,10000,9167,1,9,0,0,1,0,1,3,1,1,0.8750,87.5000,1,7,0,16.00,99
373,62,62-108,108,0,16.594242,099.458074,2,0,1,1,2,37,4,0,1,2,2,8870,0,20833,1,6,1,3,1,0,0,2,0,1,0.7917,79.1667,2,7,0,6.00,68
375,62,62-109,109,0,16.593276,099.457691,2,0,1,2,3,65,3,1,0,2,2,8800,0,9583,1,9,0,0,1,0,1,2,1,1,0.7917,79.1667,7,7,2,6.00,105
376,62,62-258,258,0,16.300744,099.780009,2,5,2,2,2,45,5,0,2,1,2,15000,700000,8333,1,8,0,0,1,0,0,4,3,1,0.9167,91.6667,5,7,0,8.00,86
377,24,24-051,51,0,13.791260,101.057286,2,2,1,1,3,60,3,1,0,1,2,6200,0,15000,1,9,0,0,1,0,1,2,0,1,0.5833,58.3333,0,7,2,8.00,78
378,62,62-259,259,0,16.300526,099.779870,2,24,1,2,6,61,3,1,3,1,2,20500,500000,10333,1,9,1,0,1,1,1,3,2,1,0.9167,91.6667,7,7,1,7.00,98
379,24,24-052,52,0,13.802488,101.058225,2,2,1,1,3,39,5,1,0,0,2,7100,0,19005,1,10,1,2,1,0,1,2,0,1,0.6250,62.5000,0,7,2,2.00,75
380,62,62-260,260,0,16.301056,099.779919,2,0,1,2,6,78,3,1,0,2,4,1200,0,8333,1,4,1,2,3,2,0,4,0,1,0.4583,45.8333,3,7,1,1.00,70
381,62,62-110,110,0,16.594308,099.457964,2,4,1,2,2,56,7,0,1,0,2,22500,2000000,11667,1,6,1,2,1,0,0,2,1,1,0.8333,83.3333,5,7,0,6.00,50
382,62,62-261,261,0,16.300982,099.779817,2,3,1,2,2,73,1,1,0,2,1,1200,0,833,0,0,1,1,1,2,0,2,0,6,0.5417,54.1667,5,7,1,0.00,105
383,62,62-262,262,0,16.301594,099.778984,2,0,1,2,2,54,3,0,0,0,2,4300,0,8333,0,0,0,0,1,0,0,2,0,1,0.3333,33.3333,0,7,2,1.00,54
384,24,24-053,53,0,13.804392,101.062432,2,5,1,2,3,61,3,1,0,2,1,8800,50000,13500,1,10,0,0,2,0,1,2,2,1,0.5417,54.1667,0,7,1,3.00,77
385,52,52-019,19,0,18.389895,099.601434,2,0,2,2,5,30,7,1,0,4,3,40500,50000,36500,1,8,1,0,1,0,1,2,4,2,0.8333,83.3333,3,7,2,500.00,92
386,24,24-054,54,0,13.713403,101.085188,2,3,2,1,4,49,3,1,2,2,3,5800,50000,20833,1,9,1,1,1,1,1,2,1,1,0.5833,58.3333,0,7,2,0.50,70
387,52,52-020,20,0,18.419218,099.654831,2,0,2,2,2,53,3,0,0,2,2,13800,30000,21500,1,9,1,0,1,0,1,2,5,1,0.7500,75.0000,7,7,2,0.50,100
388,24,24-055,55,0,13.713714,101.085834,2,1,1,2,4,45,3,1,2,2,3,4600,50000,31667,1,10,1,2,1,2,1,2,1,1,0.6667,66.6667,0,7,2,1.00,70
389,24,24-056,56,0,13.801551,101.064456,2,2,2,1,3,50,3,0,2,2,3,7000,10000,29167,1,10,1,1,2,0,1,2,2,1,0.7083,70.8333,0,7,2,2.00,72
390,52,52-021,21,0,18.419330,099.655158,2,0,2,2,2,56,4,0,0,2,2,17000,0,17000,1,9,1,0,1,0,1,2,4,1,0.7500,75.0000,2,7,2,0.50,100
391,24,24-057,57,0,13.802108,101.064471,2,3,1,1,2,44,4,1,0,1,1,9000,0,16667,1,8,1,1,2,1,1,2,1,1,0.6667,66.6667,0,7,2,3.00,66
392,24,24-058,58,0,13.795933,101.055549,2,5,1,1,3,51,3,1,2,1,2,6400,20000,16667,1,10,1,1,1,0,1,2,2,1,0.6667,66.6667,0,7,2,2.00,64
393,83,83-310,310,0,07.851342,098.356156,2,0,1,1,4,35,5,1,0,2,3,30300,50000,18750,1,0,0,0,1,0,1,3,2,1,0.7917,79.1667,0,7,1,3.00,63
394,62,62-111,111,0,16.586137,099.463872,2,22,1,1,2,52,6,0,0,2,2,4700,100000,9167,1,8,0,0,1,0,0,2,0,1,0.7500,75.0000,2,7,2,6.00,69
395,62,62-112,112,0,16.593175,099.457972,2,0,1,1,3,80,7,1,0,3,1,4490,0,20000,1,9,0,0,1,0,0,2,0,1,0.5833,58.3333,2,7,0,6.00,63
396,83,83-312,312,0,07.833628,098.352348,2,5,1,2,2,70,3,1,2,3,1,16200,12000,9167,1,10,0,0,1,0,0,2,6,5,0.0833,8.3333,0,7,2,2.00,75
397,24,24-059,59,0,13.795658,101.056667,2,2,2,1,2,52,4,1,2,2,1,4900,0,13000,1,9,1,0,1,0,1,2,0,1,0.5417,54.1667,0,7,2,1.00,65
398,83,83-313,313,0,07.833012,098.351581,2,8,1,2,7,51,5,1,2,1,6,48200,70000,30833,1,8,0,0,1,0,1,3,6,5,0.0833,8.3333,0,7,2,2.00,77
399,24,24-060,60,0,13.814187,101.099442,2,2,2,1,4,52,3,1,0,0,3,4100,0,23333,1,9,1,1,2,1,1,2,0,1,0.5833,58.3333,0,7,2,2.00,71
400,52,52-022,22,0,18.423538,099.678357,2,3,2,2,3,59,3,0,2,3,3,14300,45000,23083,1,10,1,0,1,2,1,2,5,1,0.6250,62.5000,4,7,2,15.00,91
401,62,62-113,113,0,16.592274,099.458299,2,4,1,2,4,46,4,1,0,2,3,6000,0,8333,1,9,0,0,1,0,1,2,1,1,0.5833,58.3333,2,7,2,6.00,45
402,52,52-023,23,0,18.424102,099.677091,2,8,1,2,3,34,5,1,0,2,2,10000,0,12083,1,8,1,0,1,2,2,2,3,2,0.7500,75.0000,0,7,2,1.00,88
403,52,52-375,375,0,18.283784,099.261022,2,25,4,1,4,54,5,0,2,2,4,24548,150000,44000,1,7,1,4,1,0,2,2,1,1,0.6667,66.6667,1,5,2,1.00,70
404,62,62-114,114,0,16.59092,099.460413,2,11,1,2,4,43,4,1,0,3,3,5610,0,10000,1,8,0,0,1,0,1,2,0,1,0.7083,70.8333,5,7,2,6.00,79
406,52,52-121,121,0,18.260711,099.478538,2,9,1,2,3,80,1,1,1,1,2,7000,0,9800,1,9,0,0,1,0,0,2,0,1,0.5833,58.3333,0,1,2,1.00,75
407,52,52-024,24,0,18.420042,099.663238,2,7,2,2,1,58,3,0,0,2,1,5400,0,5000,1,10,0,0,1,2,1,2,3,1,0.7083,70.8333,0,7,2,0.50,66
408,52,52-376,376,0,18.308510,099.271773,2,0,2,1,2,62,4,1,0,2,1,13500,0,13333,1,10,0,0,3,0,1,2,4,1,0.0833,8.3333,7,7,2,1.00,105
410,52,52-025,25,0,18.417480,099.662999,2,3,2,2,1,77,3,1,0,2,0,3700,0,833,1,9,0,0,1,0,1,2,2,2,0.3333,33.3333,0,7,2,1.00,74
411,52,52-122,122,0,18.261121,099.478214,2,14,1,2,1,62,3,1,2,1,0,2650,100000,1600,1,9,0,0,1,0,1,2,0,1,0.5000,50.0000,0,7,2,1.00,81
412,52,52-123,123,0,18.260835,099.478496,2,13,1,1,2,66,4,1,1,2,1,11992,10000,600,1,8,0,0,1,0,1,2,0,1,0.5417,54.1667,0,7,0,1.00,90
414,90,90-472,472,1,06.95452,100.564622,2,0,1,2,1,63,3,1,2,3,0,9800,500000,3000,1,7,1,1,1,0,1,4,1,2,0.7500,75.0000,0,7,2,1.00,76
415,52,52-124,124,0,18.260995,099.478316,2,16,1,1,4,70,3,1,2,1,1,7060,0,21300,1,9,0,0,1,0,1,2,0,1,0.5417,54.1667,0,7,2,0.50,76
416,52,52-026,26,0,18.420088,099.662953,2,0,2,2,3,40,4,1,0,3,2,14000,0,16000,1,8,1,0,1,0,1,2,4,2,0.7083,70.8333,0,7,2,0.50,84
417,52,52-125,125,0,18.262498,099.478566,2,17,1,2,1,60,3,0,1,1,1,2200,0,1000,1,9,0,0,1,0,1,2,0,1,0.5833,58.3333,0,7,2,0.50,78
418,52,52-027,27,0,18.426479,099.662783,2,0,2,1,2,32,5,0,0,3,2,11000,0,16000,1,9,1,0,1,0,1,2,4,1,0.6667,66.6667,0,7,2,1.00,97
419,52,52-126,126,0,18.279405,099.463668,2,13,1,1,3,88,4,1,1,2,0,7040,4500,18400,1,8,0,0,1,0,0,2,0,1,0.5833,58.3333,0,7,2,1.00,76
420,62,62-263,263,0,16.314895,099.929816,2,14,1,2,3,70,4,1,2,3,1,46500,0,11667,1,5,1,2,1,0,1,2,1,1,0.7500,75.0000,7,7,0,1.00,68
421,62,62-264,264,0,16.314734,099.930157,2,4,2,2,2,37,7,0,1,1,2,35500,500000,16667,1,0,1,0,3,0,2,5,3,1,0.9167,91.6667,0,7,2,1.00,90
422,52,52-127,127,0,18.241855,099.439843,2,10,1,2,5,88,3,1,1,2,1,6000,0,11600,1,9,0,0,1,0,0,2,0,1,0.5417,54.1667,0,7,2,1.00,76
423,36,36-001,1,1,15.909838,102.270205,2,11,2,2,1,58,4,0,1,2,1,7100,5000,7083,1,0,0,0,3,0,2,5,2,1,0.4167,41.6667,0,7,1,5.00,64
424,24,24-061,61,0,13.822606,101.087880,2,2,1,1,1,44,5,0,2,2,1,2,30000,15000,1,9,1,1,1,2,1,2,2,1,0.5833,58.3333,0,7,2,3.00,59
425,36,36-002,2,1,15.909776,102.270088,2,17,1,2,1,45,5,0,0,2,1,6500,80000,12500,1,9,1,0,4,0,1,3,3,1,0.1667,16.6667,5,7,1,6.00,57
426,52,52-028,28,0,18.420166,099.664154,2,0,2,2,3,65,2,1,0,4,2,28000,750000,26333,1,9,0,0,1,0,1,2,4,1,0.8750,87.5000,0,7,2,0.50,106
427,36,36-003,3,1,15.909632,102.271164,2,9,1,1,1,26,7,0,0,1,1,7800,0,15000,1,8,1,0,1,0,2,2,1,2,0.4167,41.6667,3,7,1,3.00,98
428,52,52-128,128,0,18.256549,099.485346,2,8,1,2,4,60,4,1,1,1,3,7700,150000,27583,1,9,0,0,1,0,0,2,2,1,0.5417,54.1667,0,7,2,1.50,72
429,24,24-063,63,0,13.829789,101.084350,2,2,2,2,2,49,5,1,2,2,1,3700,40000,15000,1,10,1,0,1,0,1,2,2,1,0.6250,62.5000,0,7,2,3.00,61
430,24,24-062,62,0,13.828887,101.086614,2,3,2,1,2,44,5,0,1,2,2,5900,0,16667,1,9,1,0,1,1,1,2,2,1,0.6250,62.5000,0,7,2,1.50,70
431,36,36-004,4,1,15.909608,102.271210,2,24,1,1,1,30,5,0,0,1,1,5700,20000,8333,1,9,1,0,4,0,2,6,0,4,0.5000,50.0000,5,7,0,5.00,98
432,62,62-265,265,0,16.314718,099.930320,2,23,1,2,3,25,5,0,0,1,3,11000,0,2500,1,9,1,2,1,1,0,4,1,1,0.6250,62.5000,0,7,2,1.00,92
433,52,52-129,129,0,18.256361,099.485501,2,8,1,2,3,61,1,1,1,1,2,1900,4000,18600,1,8,0,0,1,0,0,3,0,1,0.5417,54.1667,0,7,2,1.50,76
434,62,62-266,266,0,16.314879,099.929869,2,2,1,2,1,59,3,0,0,2,1,4100,0,5833,1,9,1,0,1,0,0,2,0,1,0.6667,66.6667,7,7,2,500.00,92
435,36,36-005,5,1,15.909606,102.272044,2,23,1,1,1,31,7,0,0,1,1,7300,0,16667,1,8,1,0,4,0,1,2,4,3,0.2500,25.0000,5,7,0,2.00,78
436,52,52-130,130,0,18.256083,099.485175,2,12,1,1,5,67,3,1,1,2,3,11409,20000,28200,1,8,1,0,1,0,0,2,0,1,0.5417,54.1667,0,7,2,1.50,74
438,52,52-131,131,0,18.240949,099.437521,2,10,1,2,1,83,3,1,1,1,0,1400,0,800,1,11,1,0,1,0,0,2,0,1,0.6250,62.5000,3,7,2,0.50,75
439,36,36-007,7,1,15.907636,102.270066,2,0,1,2,1,26,7,0,0,0,1,37000,10000,83333,1,8,1,0,4,0,0,5,3,1,0.6250,62.5000,5,7,0,5.00,106
441,36,36-006,6,1,15.909921,102.269738,2,11,1,1,1,24,7,0,0,0,1,19300,0,15000,1,8,1,0,4,0,0,3,2,1,0.6250,62.5000,7,7,0,5.00,106
442,52,52-132,132,0,18.240874,099.437480,2,13,1,2,1,71,3,1,1,1,0,1900,0,700,1,10,0,0,1,0,0,2,0,1,0.5833,58.3333,0,7,2,0.50,76
443,36,36-008,8,1,15.908221,102.269896,2,56,1,1,1,30,4,0,1,4,1,8700,50000,6667,1,9,1,2,4,0,1,5,5,1,0.3750,37.5000,7,7,1,-1.00,90
445,52,52-133,133,0,18.240747,099.437905,2,13,1,1,2,82,7,1,1,1,0,13949,0,58333,1,8,0,0,1,0,0,2,0,1,0.5833,58.3333,0,7,2,0.50,76
446,36,36-009,9,1,15.909668,102.270989,2,16,1,2,1,31,10,0,0,3,1,10000,30000,12500,1,9,0,0,4,0,1,2,4,1,0.5833,58.3333,7,7,0,5.00,90
448,52,52-134,134,0,18.239712,099.437813,2,17,1,1,2,65,4,1,2,1,1,15792,0,16500,1,8,0,0,1,0,0,3,0,1,0.5417,54.1667,0,7,2,0.50,74
450,36,36-010,10,1,15.909181,102.268598,2,7,1,2,1,31,7,0,0,3,1,9600,0,12500,1,9,0,0,4,0,1,6,3,1,0.5833,58.3333,6,6,0,5.00,86
452,36,36-011,11,1,15.909340,102.268600,2,15,1,2,1,56,4,0,0,0,1,4000,50000,12500,1,8,0,0,4,0,1,6,0,1,0.5000,50.0000,7,5,1,5.00,86
453,52,42-135,135,0,18.240481,099.437862,2,13,1,2,4,93,3,1,1,1,3,25620,0,60900,1,8,0,0,1,0,0,2,0,1,0.6250,62.5000,0,7,2,0.50,73
454,62,62-267,267,0,16.636300,099.805795,2,0,1,2,1,50,1,0,0,0,1,4500,0,2500,1,9,1,0,1,0,0,2,2,1,0.4583,45.8333,2,7,2,1.00,70
456,36,36-352,352,0,15.593445,101.900199,2,41,1,2,1,43,6,0,0,2,1,9009,0,19167,1,9,1,0,4,0,1,3,2,1,0.0000,0.0000,3,7,2,2.00,71
457,36,36-012,12,1,15.909480,102.268458,2,0,1,1,1,52,7,0,0,0,1,50000,0,125000,1,8,1,0,4,0,0,2,0,1,0.7917,79.1667,5,7,0,5.00,106
458,83,83-314,314,0,07.833204,098.351590,2,0,1,2,5,43,5,1,0,3,2,34700,560000,5000,1,9,0,0,1,0,1,3,7,1,0.8750,87.5000,0,7,2,4.00,94
459,83,83-315,315,0,07.832531,098.350660,2,5,2,1,4,51,4,0,0,3,4,12200,10000,8333,1,10,0,0,1,0,0,2,7,5,0.5833,58.3333,0,7,2,3.00,78
460,83,83-316,316,0,07.831542,098.350821,2,27,1,2,2,58,3,0,3,2,2,24900,50000,5000,1,0,1,3,3,3,2,3,5,5,0.6667,66.6667,7,7,1,2.00,65
461,36,36-348,348,0,15.591924,101.899770,2,9,1,2,1,18,5,0,0,0,1,12500,0,23333,1,0,0,0,4,0,1,3,1,1,0.0000,0.0000,5,7,2,3.00,56
462,36,36-347,347,0,15.591863,101.899782,2,16,1,1,1,28,5,0,0,1,1,8700,0,15000,1,6,1,0,4,0,1,2,1,1,0.2083,20.8333,4,7,2,3.00,63
463,36,36-349,349,0,15.592106,101.899712,2,0,1,2,1,30,5,0,0,0,1,8500,2500,10646,1,8,0,0,4,0,1,4,3,2,0.0000,0.0000,2,7,2,2.00,55
464,62,62-268,268,0,16.635528,099.808044,2,0,1,1,4,23,6,0,0,0,4,6900,14000,4583,1,8,1,0,1,0,0,3,1,1,0.4583,45.8333,0,7,2,1.00,53
465,36,36-351,351,0,15.591604,101.899638,2,0,1,1,1,52,3,0,2,2,1,10000,0,37500,1,8,1,0,4,0,2,4,3,4,0.0000,0.0000,7,7,2,2.00,53
466,36,36-350,350,0,15.580081,101.859410,2,0,1,2,1,62,3,1,0,0,0,6500,0,16667,1,9,1,0,4,2,2,4,0,1,0.0000,0.0000,7,7,2,3.00,61
467,62,62-270,270,0,16.636243,099.805747,2,0,2,1,2,58,3,0,0,1,2,8700,10000,8750,1,8,1,2,4,2,0,3,1,1,0.5417,54.1667,0,7,2,1.00,74
468,36,36-353,353,0,15.593662,101.900302,2,37,1,2,1,43,3,0,0,0,1,4300,1500,9500,1,10,0,0,2,0,1,2,3,2,0.0000,0.0000,7,5,2,1.00,86
469,62,62-269,269,0,16.636305,099.803824,2,5,4,2,2,36,5,0,0,0,2,5700,5000,1667,1,9,0,0,1,0,0,2,2,1,0.9167,91.6667,0,7,2,1.00,82
